Christina McChristina,christina@example.com,testtest
KelliMonroe,KelliMonroe@example.com,testtest
TreasaWareham,TreasaWareham@example.com,testtest
OswaldoFitting,OswaldoFitting@example.com,testtest
JoaniePeace,JoaniePeace@example.com,testtest
JesusaQuarles,JesusaQuarles@example.com,testtest
GinaGoodwill,GinaGoodwill@example.com,testtest
HobertMincy,HobertMincy@example.com,testtest
DanyellKittredge,DanyellKittredge@example.com,testtest
KathrynRossow,KathrynRossow@example.com,testtest
BridgettMenz,BridgettMenz@example.com,testtest
SunnyLanctot,SunnyLanctot@example.com,testtest
RettaClopton,RettaClopton@example.com,testtest
RobbinTolley,RobbinTolley@example.com,testtest
HildredGoguen,HildredGoguen@example.com,testtest
LilianCaswell,LilianCaswell@example.com,testtest
TiffanyBilby,TiffanyBilby@example.com,testtest
ScotHuizenga,ScotHuizenga@example.com,testtest
HaeFrary,HaeFrary@example.com,testtest
PeteFern,PeteFern@example.com,testtest
RoseClogsto,RoseClogsto@example.com,testtest
